Order ID,Product,Quantity Ordered,Price Each,Order Date,Purchase Address
259378,Lightning Charging Cable,1,14.95,10/18/19 16:45,"997 1st St, Boston, MA 02215"
259382,Wired Headphones,1,11.99,10/18/19 14:16,"605 Ridge St, New York City, NY 10001"
259420,Google Phone,1,600.0,10/18/19 08:54,"791 Forest St, Los Angeles, CA 90001"
259420,USB-C Charging Cable,2,11.95,10/18/19 08:54,"791 Forest St, Los Angeles, CA 90001"
259425,Lightning Charging Cable,1,14.95,10/18/19 11:36,"81 Spruce St, Austin, TX 73301"
259448,AA Batteries (4-pack),2,3.84,10/18/19 21:47,"145 River St, Los Angeles, CA 90001"
259462,USB-C Charging Cable,1,11.95,10/18/19 12:48,"582 2nd St, Boston, MA 02215"
259527,Apple Airpods Headphones,1,150.0,10/18/19 22:10,"293 Hickory St, Austin, TX 73301"
259594,AAA Batteries (4-pack),5,2.99,10/18/19 10:06,"165 Lincoln St, Los Angeles, CA 90001"
259610,Lightning Charging Cable,1,14.95,10/18/19 20:37,"269 12th St, Boston, MA 02215"
259640,USB-C Charging Cable,1,11.95,10/18/19 12:42,"656 Hill St, Boston, MA 02215"
259661,20in Monitor,1,109.99,10/18/19 11:55,"449 9th St, San Francisco, CA 94016"
259673,AA Batteries (4-pack),1,3.84,10/18/19 20:01,"746 12th St, Atlanta, GA 30301"
259803,Macbook Pro Laptop,1,1700.0,10/18/19 00:35,"861 Main St, Los Angeles, CA 90001"
259805,27in 4K Gaming Monitor,1,389.99,10/18/19 11:39,"795 Spruce St, San Francisco, CA 94016"
259819,27in FHD Monitor,1,149.99,10/18/19 15:06,"253 River St, Dallas, TX 75001"
259844,AAA Batteries (4-pack),1,2.99,10/18/19 20:27,"585 4th St, Seattle, WA 98101"
259982,Bose SoundSport Headphones,1,99.99,10/18/19 15:21,"81 11th St, San Francisco, CA 94016"
259983,Wired Headphones,1,11.99,10/18/19 12:48,"442 Lake St, Los Angeles, CA 90001"
260032,Apple Airpods Headphones,1,150.0,10/18/19 21:00,"22 Cherry St, Los Angeles, CA 90001"
260056,USB-C Charging Cable,1,11.95,10/18/19 13:47,"70 Church St, San Francisco, CA 94016"
260128,AAA Batteries (4-pack),2,2.99,10/18/19 12:54,"360 Hill St, Atlanta, GA 30301"
260133,Flatscreen TV,1,300.0,10/18/19 19:32,"245 Park St, Los Angeles, CA 90001"
260144,27in FHD Monitor,1,149.99,10/18/19 14:49,"80 River St, Portland, OR 97035"
260279,Wired Headphones,1,11.99,10/18/19 15:40,"910 Lakeview St, San Francisco, CA 94016"
260289,AAA Batteries (4-pack),1,2.99,10/18/19 03:50,"497 Spruce St, Seattle, WA 98101"
260303,20in Monitor,1,109.99,10/18/19 17:57,"737 Jackson St, San Francisco, CA 94016"
260381,Wired Headphones,1,11.99,10/18/19 12:46,"443 Jackson St, New York City, NY 10001"
260392,Bose SoundSport Headphones,2,99.99,10/18/19 13:58,"809 Church St, San Francisco, CA 94016"
260397,34in Ultrawide Monitor,1,379.99,10/18/19 00:45,"11 1st St, Dallas, TX 75001"
260420,USB-C Charging Cable,1,11.95,10/18/19 22:29,"11 Jefferson St, Dallas, TX 75001"
260421,Flatscreen TV,1,300.0,10/18/19 20:39,"500 7th St, Atlanta, GA 30301"
260446,Wired Headphones,1,11.99,10/18/19 22:12,"226 North St, Austin, TX 73301"
260450,AAA Batteries (4-pack),1,2.99,10/18/19 09:09,"415 Hickory St, San Francisco, CA 94016"
260458,Google Phone,1,600.0,10/18/19 13:59,"9 Jackson St, New York City, NY 10001"
260514,Lightning Charging Cable,1,14.95,10/18/19 10:49,"464 River St, San Francisco, CA 94016"
260547,Wired Headphones,1,11.99,10/18/19 13:31,"881 11th St, Austin, TX 73301"
260584,AAA Batteries (4-pack),1,2.99,10/18/19 22:44,"262 Spruce St, Los Angeles, CA 90001"
260588,27in FHD Monitor,1,149.99,10/18/19 02:19,"485 6th St, New York City, NY 10001"
260589,Lightning Charging Cable,1,14.95,10/18/19 11:25,"716 1st St, San Francisco, CA 94016"
260590,Macbook Pro Laptop,1,1700.0,10/18/19 07:57,"506 7th St, San Francisco, CA 94016"
260597,USB-C Charging Cable,1,11.95,10/18/19 15:27,"720 North St, San Francisco, CA 94016"
260627,AA Batteries (4-pack),1,3.84,10/18/19 15:44,"622 Meadow St, Boston, MA 02215"
260639,20in Monitor,1,109.99,10/18/19 07:33,"636 Elm St, Los Angeles, CA 90001"
260642,Wired Headphones,1,11.99,10/18/19 09:51,"158 Maple St, New York City, NY 10001"
260651,AAA Batteries (4-pack),1,2.99,10/18/19 20:24,"685 Center St, Atlanta, GA 30301"
260657,AA Batteries (4-pack),1,3.84,10/18/19 18:30,"945 11th St, San Francisco, CA 94016"
260668,Lightning Charging Cable,1,14.95,10/18/19 14:45,"321 13th St, Los Angeles, CA 90001"
260677,Wired Headphones,2,11.99,10/18/19 10:27,"595 2nd St, Dallas, TX 75001"
260686,34in Ultrawide Monitor,1,379.99,10/18/19 09:33,"811 9th St, San Francisco, CA 94016"
260735,Apple Airpods Headphones,1,150.0,10/18/19 13:08,"443 10th St, Atlanta, GA 30301"
260773,AAA Batteries (4-pack),1,2.99,10/18/19 12:45,"347 12th St, Seattle, WA 98101"
260793,Bose SoundSport Headphones,1,99.99,10/18/19 00:38,"170 Main St, Boston, MA 02215"
260831,USB-C Charging Cable,1,11.95,10/18/19 21:06,"844 Jackson St, Austin, TX 73301"
260836,USB-C Charging Cable,1,11.95,10/18/19 11:28,"366 Maple St, San Francisco, CA 94016"
260840,Lightning Charging Cable,1,14.95,10/18/19 00:37,"718 Center St, San Francisco, CA 94016"
260893,27in FHD Monitor,1,149.99,10/18/19 03:11,"388 9th St, New York City, NY 10001"
260912,AAA Batteries (4-pack),1,2.99,10/18/19 10:33,"639 11th St, Los Angeles, CA 90001"
260930,AAA Batteries (4-pack),1,2.99,10/18/19 13:26,"733 Sunset St, Seattle, WA 98101"
260982,34in Ultrawide Monitor,1,379.99,10/18/19 20:39,"627 Maple St, Atlanta, GA 30301"
261030,ThinkPad Laptop,1,999.99,10/18/19 16:36,"445 Cedar St, Austin, TX 73301"
261080,AA Batteries (4-pack),1,3.84,10/18/19 18:21,"708 Highland St, Portland, OR 97035"
261097,Wired Headphones,1,11.99,10/18/19 23:57,"415 2nd St, Los Angeles, CA 90001"
261106,34in Ultrawide Monitor,1,379.99,10/18/19 20:56,"236 Center St, Austin, TX 73301"
261159,AA Batteries (4-pack),1,3.84,10/18/19 16:28,"395 Cherry St, New York City, NY 10001"
261177,Wired Headphones,1,11.99,10/18/19 09:32,"229 Willow St, Los Angeles, CA 90001"
261200,Apple Airpods Headphones,1,150.0,10/18/19 12:15,"336 Center St, New York City, NY 10001"
261211,Google Phone,1,600.0,10/18/19 11:53,"687 West St, Boston, MA 02215"
261221,Google Phone,1,600.0,10/18/19 21:49,"883 Maple St, Los Angeles, CA 90001"
261248,Wired Headphones,1,11.99,10/18/19 15:12,"938 Center St, Portland, OR 97035"
261301,iPhone,1,700.0,10/18/19 20:54,"625 Willow St, Los Angeles, CA 90001"
261301,Apple Airpods Headphones,1,150.0,10/18/19 20:54,"625 Willow St, Los Angeles, CA 90001"
261349,Lightning Charging Cable,1,14.95,10/18/19 12:44,"297 South St, San Francisco, CA 94016"
261375,27in FHD Monitor,1,149.99,10/18/19 19:33,"448 Meadow St, San Francisco, CA 94016"
261383,iPhone,1,700.0,10/18/19 18:18,"646 Meadow St, New York City, NY 10001"
261385,Wired Headphones,1,11.99,10/18/19 16:05,"693 10th St, Seattle, WA 98101"
261399,AA Batteries (4-pack),1,3.84,10/18/19 20:36,"980 Elm St, Seattle, WA 98101"
261420,ThinkPad Laptop,1,999.99,10/18/19 13:21,"676 Hill St, Boston, MA 02215"
261507,USB-C Charging Cable,1,11.95,10/18/19 16:53,"180 Spruce St, Los Angeles, CA 90001"
261539,Bose SoundSport Headphones,1,99.99,10/18/19 15:52,"467 Jefferson St, San Francisco, CA 94016"
261567,AAA Batteries (4-pack),1,2.99,10/18/19 22:52,"809 Lake St, San Francisco, CA 94016"
261597,34in Ultrawide Monitor,1,379.99,10/18/19 22:07,"817 Center St, Dallas, TX 75001"
261644,27in FHD Monitor,1,149.99,10/18/19 14:04,"975 12th St, New York City, NY 10001"
261693,USB-C Charging Cable,1,11.95,10/18/19 18:32,"47 Cedar St, New York City, NY 10001"
261693,Apple Airpods Headphones,1,150.0,10/18/19 18:32,"47 Cedar St, New York City, NY 10001"
261728,USB-C Charging Cable,1,11.95,10/18/19 22:45,"512 Highland St, Dallas, TX 75001"
261741,Lightning Charging Cable,1,14.95,10/18/19 09:19,"887 North St, Portland, OR 97035"
261774,Wired Headphones,1,11.99,10/18/19 18:21,"563 Center St, Seattle, WA 98101"
261831,Wired Headphones,1,11.99,10/18/19 16:42,"684 South St, Boston, MA 02215"
261880,AA Batteries (4-pack),1,3.84,10/18/19 15:08,"52 10th St, Boston, MA 02215"
261982,iPhone,1,700.0,10/18/19 00:14,"350 13th St, Los Angeles, CA 90001"
261985,Lightning Charging Cable,1,14.95,10/18/19 19:10,"436 Washington St, San Francisco, CA 94016"
262044,Lightning Charging Cable,2,14.95,10/18/19 18:14,"849 Chestnut St, Seattle, WA 98101"
262052,USB-C Charging Cable,1,11.95,10/18/19 21:15,"832 12th St, Boston, MA 02215"
262120,Apple Airpods Headphones,1,150.0,10/18/19 20:07,"664 Maple St, New York City, NY 10001"
262186,Lightning Charging Cable,1,14.95,10/18/19 11:15,"250 13th St, Austin, TX 73301"
262194,AA Batteries (4-pack),2,3.84,10/18/19 11:32,"4 11th St, Dallas, TX 75001"
262231,Lightning Charging Cable,1,14.95,10/18/19 12:10,"192 Center St, San Francisco, CA 94016"
262294,27in 4K Gaming Monitor,1,389.99,10/18/19 16:36,"417 Lincoln St, Boston, MA 02215"
262314,USB-C Charging Cable,1,11.95,10/18/19 22:22,"537 Madison St, San Francisco, CA 94016"
262367,Bose SoundSport Headphones,1,99.99,10/18/19 06:50,"782 12th St, San Francisco, CA 94016"
262451,ThinkPad Laptop,1,999.99,10/18/19 12:27,"137 Lake St, San Francisco, CA 94016"
262469,Lightning Charging Cable,1,14.95,10/18/19 17:10,"923 1st St, Los Angeles, CA 90001"
262493,USB-C Charging Cable,1,11.95,10/18/19 08:35,"488 River St, San Francisco, CA 94016"
262513,iPhone,1,700.0,10/18/19 14:34,"837 Spruce St, Atlanta, GA 30301"
262513,Lightning Charging Cable,1,14.95,10/18/19 14:34,"837 Spruce St, Atlanta, GA 30301"
262559,34in Ultrawide Monitor,1,379.99,10/18/19 09:20,"500 Meadow St, Boston, MA 02215"
262587,Apple Airpods Headphones,1,150.0,10/18/19 20:05,"258 Lake St, Los Angeles, CA 90001"
262630,Macbook Pro Laptop,1,1700.0,10/18/19 23:47,"700 Hickory St, Los Angeles, CA 90001"
262639,27in FHD Monitor,1,149.99,10/18/19 20:27,"476 Hickory St, Portland, ME 04101"
262659,Apple Airpods Headphones,1,150.0,10/18/19 17:19,"832 Walnut St, Atlanta, GA 30301"
262668,Bose SoundSport Headphones,1,99.99,10/18/19 08:15,"500 Chestnut St, New York City, NY 10001"
262684,AA Batteries (4-pack),2,3.84,10/18/19 23:13,"778 11th St, Los Angeles, CA 90001"
262688,ThinkPad Laptop,1,999.99,10/18/19 16:50,"499 Hill St, Los Angeles, CA 90001"
262697,AA Batteries (4-pack),1,3.84,10/18/19 13:41,"620 West St, Dallas, TX 75001"
262710,AA Batteries (4-pack),1,3.84,10/18/19 15:22,"95 7th St, San Francisco, CA 94016"
262715,USB-C Charging Cable,2,11.95,10/18/19 18:27,"373 Walnut St, Los Angeles, CA 90001"
262734,AAA Batteries (4-pack),1,2.99,10/18/19 12:07,"686 9th St, Boston, MA 02215"
262738,27in 4K Gaming Monitor,1,389.99,10/18/19 10:21,"636 8th St, New York City, NY 10001"
262769,Lightning Charging Cable,1,14.95,10/18/19 21:30,"334 Meadow St, San Francisco, CA 94016"
262798,Bose SoundSport Headphones,1,99.99,10/18/19 16:26,"705 Maple St, Austin, TX 73301"
262843,AA Batteries (4-pack),1,3.84,10/18/19 20:51,"473 Madison St, San Francisco, CA 94016"
262843,27in FHD Monitor,1,149.99,10/18/19 20:51,"473 Madison St, San Francisco, CA 94016"
262932,Lightning Charging Cable,1,14.95,10/18/19 07:26,"447 Spruce St, Boston, MA 02215"
262995,Wired Headphones,1,11.99,10/18/19 21:28,"824 Hickory St, Portland, OR 97035"
263002,Lightning Charging Cable,1,14.95,10/18/19 10:00,"983 Jackson St, Los Angeles, CA 90001"
263266,USB-C Charging Cable,1,11.95,10/18/19 15:43,"217 Wilson St, Los Angeles, CA 90001"
263293,iPhone,1,700.0,10/18/19 11:15,"957 Washington St, San Francisco, CA 94016"
263307,USB-C Charging Cable,1,11.95,10/18/19 14:46,"601 10th St, New York City, NY 10001"
263311,iPhone,1,700.0,10/18/19 18:39,"814 14th St, San Francisco, CA 94016"
263311,Wired Headphones,1,11.99,10/18/19 18:39,"814 14th St, San Francisco, CA 94016"
263342,iPhone,1,700.0,10/18/19 06:26,"779 Madison St, Boston, MA 02215"
263375,AAA Batteries (4-pack),5,2.99,10/18/19 12:57,"438 4th St, San Francisco, CA 94016"
263455,AAA Batteries (4-pack),1,2.99,10/18/19 12:59,"487 Cedar St, Atlanta, GA 30301"
263458,Lightning Charging Cable,1,14.95,10/18/19 11:13,"192 10th St, San Francisco, CA 94016"
263458,AAA Batteries (4-pack),4,2.99,10/18/19 11:13,"192 10th St, San Francisco, CA 94016"
263491,Wired Headphones,1,11.99,10/18/19 20:42,"94 Dogwood St, New York City, NY 10001"
263493,Lightning Charging Cable,1,14.95,10/18/19 20:53,"748 West St, San Francisco, CA 94016"
263539,Lightning Charging Cable,1,14.95,10/18/19 00:49,"143 Johnson St, Portland, OR 97035"
263552,Lightning Charging Cable,1,14.95,10/18/19 14:23,"746 Chestnut St, Seattle, WA 98101"
263560,Bose SoundSport Headphones,1,99.99,10/18/19 11:36,"364 Jackson St, Atlanta, GA 30301"
263636,AAA Batteries (4-pack),1,2.99,10/18/19 08:14,"160 6th St, Boston, MA 02215"
263667,USB-C Charging Cable,1,11.95,10/18/19 00:15,"695 Meadow St, Boston, MA 02215"
263691,iPhone,1,700.0,10/18/19 12:04,"320 Willow St, Atlanta, GA 30301"
263691,Apple Airpods Headphones,1,150.0,10/18/19 12:04,"320 Willow St, Atlanta, GA 30301"
263699,Lightning Charging Cable,1,14.95,10/18/19 13:21,"473 Elm St, San Francisco, CA 94016"
263720,AA Batteries (4-pack),1,3.84,10/18/19 15:13,"107 Lake St, New York City, NY 10001"
263736,Apple Airpods Headphones,1,150.0,10/18/19 10:37,"863 4th St, Portland, OR 97035"
263746,Google Phone,1,600.0,10/18/19 10:27,"983 6th St, Los Angeles, CA 90001"
263811,iPhone,1,700.0,10/18/19 13:31,"371 14th St, San Francisco, CA 94016"
263837,Bose SoundSport Headphones,1,99.99,10/18/19 03:10,"239 West St, Boston, MA 02215"
263877,Google Phone,1,600.0,10/18/19 13:25,"249 14th St, New York City, NY 10001"
263887,Lightning Charging Cable,1,14.95,10/18/19 17:32,"75 Lakeview St, San Francisco, CA 94016"
263894,iPhone,1,700.0,10/18/19 14:12,"415 9th St, Austin, TX 73301"
263894,Lightning Charging Cable,1,14.95,10/18/19 14:12,"415 9th St, Austin, TX 73301"
263917,AAA Batteries (4-pack),1,2.99,10/18/19 13:41,"530 14th St, New York City, NY 10001"
263924,Wired Headphones,1,11.99,10/18/19 18:03,"323 Park St, San Francisco, CA 94016"
263944,iPhone,1,700.0,10/18/19 13:40,"92 Maple St, Boston, MA 02215"
264003,Wired Headphones,1,11.99,10/18/19 19:19,"918 5th St, New York City, NY 10001"
264052,USB-C Charging Cable,2,11.95,10/18/19 11:45,"776 Chestnut St, Boston, MA 02215"
264122,Apple Airpods Headphones,1,150.0,10/18/19 18:14,"702 7th St, San Francisco, CA 94016"
264135,AA Batteries (4-pack),2,3.84,10/18/19 20:20,"353 Walnut St, Los Angeles, CA 90001"
264140,AA Batteries (4-pack),1,3.84,10/18/19 22:12,"861 Elm St, Atlanta, GA 30301"
264161,AAA Batteries (4-pack),1,2.99,10/18/19 09:34,"359 10th St, Los Angeles, CA 90001"
264178,Google Phone,1,600.0,10/18/19 17:54,"483 Church St, Dallas, TX 75001"
264179,AA Batteries (4-pack),1,3.84,10/18/19 04:14,"259 Park St, Dallas, TX 75001"
264182,Lightning Charging Cable,1,14.95,10/18/19 19:39,"321 5th St, Los Angeles, CA 90001"
264232,USB-C Charging Cable,1,11.95,10/18/19 17:50,"747 Highland St, San Francisco, CA 94016"
264261,USB-C Charging Cable,1,11.95,10/18/19 19:01,"678 Johnson St, New York City, NY 10001"
264279,34in Ultrawide Monitor,1,379.99,10/18/19 23:38,"758 Chestnut St, Los Angeles, CA 90001"
264296,iPhone,1,700.0,10/18/19 22:43,"825 Church St, San Francisco, CA 94016"
264313,20in Monitor,1,109.99,10/18/19 20:01,"345 Highland St, New York City, NY 10001"
264343,iPhone,1,700.0,10/18/19 10:57,"806 Church St, Atlanta, GA 30301"
264362,AA Batteries (4-pack),2,3.84,10/18/19 21:36,"58 10th St, Austin, TX 73301"
264376,USB-C Charging Cable,1,11.95,10/18/19 15:32,"94 Ridge St, San Francisco, CA 94016"
264419,AA Batteries (4-pack),1,3.84,10/18/19 11:07,"964 12th St, Seattle, WA 98101"
264420,Lightning Charging Cable,1,14.95,10/18/19 15:06,"889 Sunset St, Seattle, WA 98101"
264455,Lightning Charging Cable,1,14.95,10/18/19 13:38,"951 Forest St, Boston, MA 02215"
264488,AA Batteries (4-pack),1,3.84,10/18/19 12:44,"305 Spruce St, San Francisco, CA 94016"
264490,USB-C Charging Cable,1,11.95,10/18/19 08:26,"433 Elm St, San Francisco, CA 94016"
264567,34in Ultrawide Monitor,1,379.99,10/18/19 17:56,"608 Elm St, San Francisco, CA 94016"
264634,AAA Batteries (4-pack),1,2.99,10/18/19 08:32,"649 Church St, Atlanta, GA 30301"
264638,AAA Batteries (4-pack),1,2.99,10/18/19 18:26,"872 2nd St, Atlanta, GA 30301"
264654,AAA Batteries (4-pack),2,2.99,10/18/19 14:31,"970 Cherry St, Atlanta, GA 30301"
264683,Wired Headphones,1,11.99,10/18/19 22:59,"212 Meadow St, Portland, ME 04101"
264719,AAA Batteries (4-pack),1,2.99,10/18/19 01:54,"941 Johnson St, Seattle, WA 98101"
264807,Apple Airpods Headphones,1,150.0,10/18/19 21:06,"844 West St, Boston, MA 02215"
264831,Wired Headphones,1,11.99,10/18/19 14:22,"42 Chestnut St, Seattle, WA 98101"
264836,34in Ultrawide Monitor,1,379.99,10/18/19 18:10,"54 9th St, San Francisco, CA 94016"
264876,Flatscreen TV,1,300.0,10/18/19 08:13,"437 Highland St, Dallas, TX 75001"
264932,27in 4K Gaming Monitor,1,389.99,10/18/19 15:15,"389 Adams St, New York City, NY 10001"
264935,AAA Batteries (4-pack),2,2.99,10/18/19 18:16,"195 Walnut St, Seattle, WA 98101"
264991,Lightning Charging Cable,1,14.95,10/18/19 12:06,"465 Lake St, Dallas, TX 75001"
264996,Wired Headphones,1,11.99,10/18/19 18:11,"149 11th St, Portland, OR 97035"
265061,Apple Airpods Headphones,1,150.0,10/18/19 11:00,"865 Jefferson St, Austin, TX 73301"
265064,AA Batteries (4-pack),1,3.84,10/18/19 07:06,"654 Johnson St, Austin, TX 73301"
265078,AA Batteries (4-pack),1,3.84,10/18/19 21:15,"845 Spruce St, Seattle, WA 98101"
265136,AA Batteries (4-pack),1,3.84,10/18/19 14:49,"196 Jackson St, Boston, MA 02215"
265138,27in 4K Gaming Monitor,1,389.99,10/18/19 22:20,"543 Spruce St, Boston, MA 02215"
265172,USB-C Charging Cable,1,11.95,10/18/19 12:10,"731 Lincoln St, Los Angeles, CA 90001"
265187,Bose SoundSport Headphones,1,99.99,10/18/19 18:41,"383 Lakeview St, Los Angeles, CA 90001"
265263,Wired Headphones,1,11.99,10/18/19 16:31,"571 Lincoln St, Portland, OR 97035"
265294,34in Ultrawide Monitor,1,379.99,10/18/19 10:17,"513 7th St, Dallas, TX 75001"
265296,AA Batteries (4-pack),1,3.84,10/18/19 09:51,"3 Lincoln St, New York City, NY 10001"
265385,34in Ultrawide Monitor,1,379.99,10/18/19 21:50,"105 Cedar St, San Francisco, CA 94016"
265401,ThinkPad Laptop,1,999.99,10/18/19 10:24,"239 Chestnut St, Boston, MA 02215"
265403,Apple Airpods Headphones,1,150.0,10/18/19 22:05,"575 Lincoln St, Seattle, WA 98101"
265406,AAA Batteries (4-pack),2,2.99,10/18/19 14:38,"591 Lincoln St, New York City, NY 10001"
265407,AAA Batteries (4-pack),1,2.99,10/18/19 06:42,"378 6th St, Austin, TX 73301"
265436,AAA Batteries (4-pack),2,2.99,10/18/19 07:45,"476 Meadow St, San Francisco, CA 94016"
265458,USB-C Charging Cable,1,11.95,10/18/19 19:54,"872 Dogwood St, Portland, OR 97035"
265463,AA Batteries (4-pack),1,3.84,10/18/19 08:38,"141 Main St, Atlanta, GA 30301"
265465,Bose SoundSport Headphones,1,99.99,10/18/19 12:25,"220 West St, Seattle, WA 98101"
265511,AAA Batteries (4-pack),1,2.99,10/18/19 11:06,"745 5th St, Los Angeles, CA 90001"
265537,Wired Headphones,1,11.99,10/18/19 17:48,"811 River St, New York City, NY 10001"
265597,Lightning Charging Cable,1,14.95,10/18/19 10:53,"654 2nd St, San Francisco, CA 94016"
265616,AAA Batteries (4-pack),1,2.99,10/18/19 22:49,"882 Hickory St, Atlanta, GA 30301"
265673,34in Ultrawide Monitor,1,379.99,10/18/19 00:42,"545 West St, Los Angeles, CA 90001"
265772,AAA Batteries (4-pack),1,2.99,10/18/19 11:17,"518 1st St, Los Angeles, CA 90001"
265772,AAA Batteries (4-pack),1,2.99,10/18/19 11:17,"518 1st St, Los Angeles, CA 90001"
265804,Apple Airpods Headphones,1,150.0,10/18/19 20:22,"197 Lake St, New York City, NY 10001"
265821,20in Monitor,1,109.99,10/18/19 20:35,"905 River St, Boston, MA 02215"
265920,Flatscreen TV,1,300.0,10/18/19 21:21,"663 Willow St, New York City, NY 10001"
265969,AA Batteries (4-pack),2,3.84,10/18/19 13:04,"613 9th St, Seattle, WA 98101"
265994,AAA Batteries (4-pack),2,2.99,10/18/19 19:17,"127 2nd St, Los Angeles, CA 90001"
266067,Wired Headphones,1,11.99,10/18/19 08:35,"752 Center St, San Francisco, CA 94016"
266079,AA Batteries (4-pack),1,3.84,10/18/19 11:16,"377 Hickory St, Austin, TX 73301"
266152,27in 4K Gaming Monitor,1,389.99,10/18/19 13:00,"129 Washington St, Los Angeles, CA 90001"
266185,Wired Headphones,1,11.99,10/18/19 21:17,"32 8th St, Los Angeles, CA 90001"
266189,Lightning Charging Cable,1,14.95,10/18/19 08:15,"779 Adams St, San Francisco, CA 94016"
266243,Wired Headphones,1,11.99,10/18/19 13:26,"899 Highland St, Portland, OR 97035"
266254,20in Monitor,1,109.99,10/18/19 11:33,"687 6th St, Dallas, TX 75001"
266279,USB-C Charging Cable,1,11.95,10/18/19 21:15,"988 13th St, Seattle, WA 98101"
266293,USB-C Charging Cable,1,11.95,10/18/19 01:15,"370 9th St, Boston, MA 02215"
266383,Wired Headphones,1,11.99,10/18/19 00:50,"139 Lincoln St, Portland, OR 97035"
266411,AA Batteries (4-pack),1,3.84,10/18/19 18:13,"322 Johnson St, Los Angeles, CA 90001"
266423,USB-C Charging Cable,1,11.95,10/18/19 08:30,"468 Church St, Los Angeles, CA 90001"
266434,Wired Headphones,1,11.99,10/18/19 16:28,"187 Center St, Boston, MA 02215"
266464,AA Batteries (4-pack),1,3.84,10/18/19 11:38,"796 Cherry St, Seattle, WA 98101"
266525,Lightning Charging Cable,1,14.95,10/18/19 08:58,"181 13th St, San Francisco, CA 94016"
266536,Lightning Charging Cable,1,14.95,10/18/19 18:30,"50 Main St, Atlanta, GA 30301"
266557,20in Monitor,1,109.99,10/18/19 18:32,"728 2nd St, Austin, TX 73301"
266567,Google Phone,1,600.0,10/18/19 09:01,"637 Johnson St, Seattle, WA 98101"
266594,AAA Batteries (4-pack),1,2.99,10/18/19 10:22,"193 5th St, Los Angeles, CA 90001"
266595,27in 4K Gaming Monitor,1,389.99,10/18/19 17:44,"331 12th St, New York City, NY 10001"
266600,AA Batteries (4-pack),1,3.84,10/18/19 17:37,"430 Center St, Atlanta, GA 30301"
266667,Flatscreen TV,1,300.0,10/18/19 16:30,"245 South St, Atlanta, GA 30301"
266716,Bose SoundSport Headphones,1,99.99,10/18/19 01:10,"662 Cedar St, Atlanta, GA 30301"
266718,Apple Airpods Headphones,1,150.0,10/18/19 13:51,"212 Adams St, Seattle, WA 98101"
266727,AAA Batteries (4-pack),2,2.99,10/18/19 12:28,"90 Highland St, Los Angeles, CA 90001"
266779,Wired Headphones,1,11.99,10/18/19 20:31,"575 2nd St, Los Angeles, CA 90001"
266793,AA Batteries (4-pack),1,3.84,10/18/19 20:30,"951 8th St, Los Angeles, CA 90001"
267077,AA Batteries (4-pack),1,3.84,10/18/19 16:48,"268 Hill St, Boston, MA 02215"
267083,Macbook Pro Laptop,1,1700.0,10/18/19 12:00,"434 Jackson St, Atlanta, GA 30301"
267089,Bose SoundSport Headphones,1,99.99,10/18/19 20:14,"402 Maple St, San Francisco, CA 94016"
267248,27in 4K Gaming Monitor,1,389.99,10/18/19 15:36,"70 14th St, Boston, MA 02215"
267298,34in Ultrawide Monitor,1,379.99,10/18/19 07:05,"698 Meadow St, Austin, TX 73301"
267325,Wired Headphones,2,11.99,10/18/19 12:19,"815 Hickory St, Atlanta, GA 30301"
267325,Lightning Charging Cable,1,14.95,10/18/19 12:19,"815 Hickory St, Atlanta, GA 30301"
267331,AA Batteries (4-pack),1,3.84,10/18/19 00:10,"174 West St, Boston, MA 02215"
267416,Apple Airpods Headphones,1,150.0,10/18/19 07:06,"127 Madison St, New York City, NY 10001"
267418,AAA Batteries (4-pack),1,2.99,10/18/19 21:01,"677 Church St, Portland, OR 97035"
267454,Bose SoundSport Headphones,1,99.99,10/18/19 11:45,"429 Main St, San Francisco, CA 94016"
267472,AAA Batteries (4-pack),3,2.99,10/18/19 20:21,"991 6th St, New York City, NY 10001"
267485,USB-C Charging Cable,1,11.95,10/18/19 14:38,"417 2nd St, San Francisco, CA 94016"
267508,USB-C Charging Cable,1,11.95,10/18/19 19:41,"466 4th St, Atlanta, GA 30301"
267620,AA Batteries (4-pack),2,3.84,10/18/19 16:14,"574 North St, Boston, MA 02215"
267725,27in FHD Monitor,1,149.99,10/18/19 17:56,"981 North St, San Francisco, CA 94016"
267740,Wired Headphones,1,11.99,10/18/19 07:43,"234 Lincoln St, San Francisco, CA 94016"
267751,AA Batteries (4-pack),2,3.84,10/18/19 17:17,"946 South St, Los Angeles, CA 90001"
267783,USB-C Charging Cable,1,11.95,10/18/19 14:34,"805 Cedar St, Los Angeles, CA 90001"
267862,LG Washing Machine,1,600.0,10/18/19 21:49,"760 Cherry St, Austin, TX 73301"
267897,iPhone,1,700.0,10/18/19 16:42,"554 Willow St, Seattle, WA 98101"
267911,Apple Airpods Headphones,1,150.0,10/18/19 18:57,"186 2nd St, Seattle, WA 98101"
267924,AA Batteries (4-pack),2,3.84,10/18/19 23:00,"940 Ridge St, Boston, MA 02215"
267950,Bose SoundSport Headphones,1,99.99,10/18/19 11:52,"923 8th St, Atlanta, GA 30301"
267979,27in FHD Monitor,1,149.99,10/18/19 19:17,"94 Cedar St, Seattle, WA 98101"
268047,34in Ultrawide Monitor,1,379.99,10/18/19 06:36,"196 Pine St, Austin, TX 73301"
268142,USB-C Charging Cable,1,11.95,10/18/19 19:55,"565 Lakeview St, San Francisco, CA 94016"
268221,AA Batteries (4-pack),1,3.84,10/18/19 11:13,"497 Lincoln St, San Francisco, CA 94016"
268224,34in Ultrawide Monitor,1,379.99,10/18/19 10:37,"818 Forest St, San Francisco, CA 94016"
268284,AAA Batteries (4-pack),2,2.99,10/18/19 15:41,"859 5th St, Austin, TX 73301"
268286,Bose SoundSport Headphones,1,99.99,10/18/19 23:17,"424 South St, Seattle, WA 98101"
268323,Bose SoundSport Headphones,1,99.99,10/18/19 22:28,"34 River St, Los Angeles, CA 90001"
268336,27in 4K Gaming Monitor,1,389.99,10/18/19 10:30,"597 11th St, Boston, MA 02215"
268340,Apple Airpods Headphones,1,150.0,10/18/19 19:45,"382 Chestnut St, Boston, MA 02215"
268372,27in 4K Gaming Monitor,1,389.99,10/18/19 20:28,"15 Maple St, Portland, OR 97035"
268390,Macbook Pro Laptop,1,1700.0,10/18/19 11:49,"793 Chestnut St, San Francisco, CA 94016"
268422,Wired Headphones,1,11.99,10/18/19 17:53,"760 8th St, San Francisco, CA 94016"
268435,Bose SoundSport Headphones,1,99.99,10/18/19 21:42,"729 13th St, Los Angeles, CA 90001"
268435,USB-C Charging Cable,1,11.95,10/18/19 21:42,"729 13th St, Los Angeles, CA 90001"
268447,AA Batteries (4-pack),1,3.84,10/18/19 09:50,"787 Chestnut St, San Francisco, CA 94016"
268484,iPhone,1,700.0,10/18/19 13:56,"380 Sunset St, Los Angeles, CA 90001"
268494,USB-C Charging Cable,1,11.95,10/18/19 16:48,"508 Adams St, San Francisco, CA 94016"
268520,Flatscreen TV,1,300.0,10/18/19 18:27,"637 Maple St, New York City, NY 10001"
268521,Vareebadd Phone,1,400.0,10/18/19 21:11,"744 12th St, Seattle, WA 98101"
268588,Wired Headphones,1,11.99,10/18/19 11:17,"283 North St, Los Angeles, CA 90001"
268630,Wired Headphones,1,11.99,10/18/19 09:50,"880 6th St, Boston, MA 02215"
268638,Flatscreen TV,1,300.0,10/18/19 13:35,"651 Cherry St, Austin, TX 73301"
268672,Apple Airpods Headphones,1,150.0,10/18/19 09:50,"840 2nd St, Dallas, TX 75001"
268673,USB-C Charging Cable,1,11.95,10/18/19 21:04,"21 Jefferson St, New York City, NY 10001"
268738,Lightning Charging Cable,1,14.95,10/18/19 20:43,"95 Jackson St, San Francisco, CA 94016"
268742,AA Batteries (4-pack),1,3.84,10/18/19 19:41,"882 River St, San Francisco, CA 94016"
268742,Google Phone,1,600.0,10/18/19 19:41,"882 River St, San Francisco, CA 94016"
268768,Wired Headphones,1,11.99,10/18/19 17:01,"426 7th St, San Francisco, CA 94016"
268776,Lightning Charging Cable,1,14.95,10/18/19 09:31,"798 Church St, Dallas, TX 75001"
268814,AA Batteries (4-pack),2,3.84,10/18/19 17:38,"58 5th St, Portland, OR 97035"
268825,AAA Batteries (4-pack),4,2.99,10/18/19 14:22,"956 Dogwood St, San Francisco, CA 94016"
268831,AAA Batteries (4-pack),1,2.99,10/18/19 12:05,"796 13th St, Seattle, WA 98101"
268996,Macbook Pro Laptop,1,1700.0,10/18/19 03:03,"787 Spruce St, Portland, OR 97035"
269073,Lightning Charging Cable,1,14.95,10/18/19 08:19,"1 West St, Los Angeles, CA 90001"
269077,Wired Headphones,1,11.99,10/18/19 07:41,"612 Church St, Dallas, TX 75001"
269117,Apple Airpods Headphones,1,150.0,10/18/19 18:14,"246 West St, New York City, NY 10001"
269137,Google Phone,1,600.0,10/18/19 16:59,"569 Spruce St, Dallas, TX 75001"
269161,USB-C Charging Cable,1,11.95,10/18/19 11:20,"897 Washington St, Austin, TX 73301"
269209,AA Batteries (4-pack),4,3.84,10/18/19 23:43,"442 West St, Portland, OR 97035"
269245,Wired Headphones,1,11.99,10/18/19 07:50,"952 14th St, San Francisco, CA 94016"
269252,Bose SoundSport Headphones,1,99.99,10/18/19 22:18,"794 Hickory St, Atlanta, GA 30301"
269255,Apple Airpods Headphones,1,150.0,10/18/19 12:28,"123 4th St, Boston, MA 02215"
269284,Macbook Pro Laptop,1,1700.0,10/18/19 10:47,"117 Meadow St, San Francisco, CA 94016"
269297,34in Ultrawide Monitor,1,379.99,10/18/19 17:01,"233 Lincoln St, Los Angeles, CA 90001"
269308,AAA Batteries (4-pack),1,2.99,10/18/19 17:54,"207 Park St, Seattle, WA 98101"
269324,Bose SoundSport Headphones,1,99.99,10/18/19 09:27,"332 14th St, Los Angeles, CA 90001"
269324,USB-C Charging Cable,1,11.95,10/18/19 09:27,"332 14th St, Los Angeles, CA 90001"
269381,AAA Batteries (4-pack),2,2.99,10/18/19 17:37,"75 West St, Dallas, TX 75001"
269402,iPhone,1,700.0,10/18/19 20:56,"823 1st St, San Francisco, CA 94016"
269442,Google Phone,1,600.0,10/18/19 23:00,"153 Jackson St, Austin, TX 73301"
269457,Wired Headphones,1,11.99,10/18/19 08:40,"798 Washington St, Portland, OR 97035"
269461,Lightning Charging Cable,1,14.95,10/18/19 12:12,"653 4th St, Seattle, WA 98101"
269487,AA Batteries (4-pack),1,3.84,10/18/19 13:20,"416 Hickory St, Seattle, WA 98101"
269493,Lightning Charging Cable,1,14.95,10/18/19 05:16,"342 Jackson St, San Francisco, CA 94016"
269503,AAA Batteries (4-pack),3,2.99,10/18/19 19:46,"697 Chestnut St, Atlanta, GA 30301"
269515,Flatscreen TV,1,300.0,10/18/19 10:34,"976 Sunset St, Seattle, WA 98101"
269523,USB-C Charging Cable,1,11.95,10/18/19 11:24,"492 Park St, San Francisco, CA 94016"
269538,AA Batteries (4-pack),1,3.84,10/18/19 17:32,"118 Lake St, Portland, OR 97035"
269551,USB-C Charging Cable,1,11.95,10/18/19 17:38,"341 Cherry St, Los Angeles, CA 90001"
269554,iPhone,1,700.0,10/18/19 01:06,"891 Sunset St, Dallas, TX 75001"
269554,Apple Airpods Headphones,1,150.0,10/18/19 01:06,"891 Sunset St, Dallas, TX 75001"
269569,AAA Batteries (4-pack),2,2.99,10/18/19 18:39,"313 13th St, Boston, MA 02215"
269594,Wired Headphones,1,11.99,10/18/19 10:16,"687 South St, Boston, MA 02215"
269623,27in 4K Gaming Monitor,1,389.99,10/18/19 12:45,"294 Ridge St, Boston, MA 02215"
269638,Macbook Pro Laptop,1,1700.0,10/18/19 07:47,"130 West St, Los Angeles, CA 90001"
269643,Lightning Charging Cable,1,14.95,10/18/19 09:33,"745 Lakeview St, San Francisco, CA 94016"
269650,27in 4K Gaming Monitor,1,389.99,10/18/19 10:21,"282 9th St, Portland, ME 04101"
269650,27in FHD Monitor,1,149.99,10/18/19 10:21,"282 9th St, Portland, ME 04101"
269713,27in FHD Monitor,1,149.99,10/18/19 18:09,"938 Chestnut St, Boston, MA 02215"
269756,Vareebadd Phone,1,400.0,10/18/19 21:38,"73 10th St, Los Angeles, CA 90001"
269757,Google Phone,1,600.0,10/18/19 09:38,"866 8th St, Los Angeles, CA 90001"
269782,USB-C Charging Cable,1,11.95,10/18/19 18:11,"91 Johnson St, Austin, TX 73301"
269783,AAA Batteries (4-pack),1,2.99,10/18/19 19:10,"925 Church St, Dallas, TX 75001"
269826,Wired Headphones,1,11.99,10/18/19 19:25,"936 11th St, San Francisco, CA 94016"
269836,Google Phone,1,600.0,10/18/19 21:30,"842 1st St, Boston, MA 02215"
269836,USB-C Charging Cable,1,11.95,10/18/19 21:30,"842 1st St, Boston, MA 02215"
269843,Apple Airpods Headphones,1,150.0,10/18/19 10:16,"28 Washington St, San Francisco, CA 94016"
269928,Bose SoundSport Headphones,2,99.99,10/18/19 07:34,"471 Pine St, Boston, MA 02215"
269979,Google Phone,1,600.0,10/18/19 11:44,"83 14th St, Dallas, TX 75001"
269979,Bose SoundSport Headphones,1,99.99,10/18/19 11:44,"83 14th St, Dallas, TX 75001"
269979,Wired Headphones,1,11.99,10/18/19 11:44,"83 14th St, Dallas, TX 75001"
269980,Macbook Pro Laptop,1,1700.0,10/18/19 20:11,"894 4th St, Portland, OR 97035"
270070,20in Monitor,1,109.99,10/18/19 12:44,"289 Ridge St, San Francisco, CA 94016"
270079,Apple Airpods Headphones,1,150.0,10/18/19 10:51,"783 West St, Seattle, WA 98101"
270097,AA Batteries (4-pack),1,3.84,10/18/19 16:56,"91 4th St, San Francisco, CA 94016"
270145,Wired Headphones,1,11.99,10/18/19 02:32,"673 10th St, Los Angeles, CA 90001"
270185,Bose SoundSport Headphones,1,99.99,10/18/19 21:29,"585 14th St, San Francisco, CA 94016"
270200,Lightning Charging Cable,1,14.95,10/18/19 20:00,"364 Cherry St, Los Angeles, CA 90001"
270241,Lightning Charging Cable,1,14.95,10/18/19 11:38,"579 8th St, Portland, OR 97035"
270267,Lightning Charging Cable,1,14.95,10/18/19 17:43,"345 Jackson St, New York City, NY 10001"
270293,Wired Headphones,1,11.99,10/18/19 01:52,"851 Hill St, New York City, NY 10001"
270318,Wired Headphones,1,11.99,10/18/19 15:57,"530 Dogwood St, Los Angeles, CA 90001"
270381,USB-C Charging Cable,1,11.95,10/18/19 13:23,"353 8th St, Atlanta, GA 30301"
270396,USB-C Charging Cable,1,11.95,10/18/19 18:38,"819 9th St, Seattle, WA 98101"
270404,27in FHD Monitor,1,149.99,10/18/19 12:53,"54 Willow St, New York City, NY 10001"
270414,27in 4K Gaming Monitor,1,389.99,10/18/19 23:05,"401 Washington St, Dallas, TX 75001"
270494,Wired Headphones,1,11.99,10/18/19 10:55,"494 Cedar St, Los Angeles, CA 90001"
270497,Apple Airpods Headphones,1,150.0,10/18/19 09:09,"771 Main St, Dallas, TX 75001"
270504,Google Phone,1,600.0,10/18/19 08:13,"274 Adams St, Dallas, TX 75001"
270518,AA Batteries (4-pack),1,3.84,10/18/19 19:25,"969 11th St, New York City, NY 10001"
270535,Google Phone,1,600.0,10/18/19 11:58,"859 13th St, Atlanta, GA 30301"
270535,USB-C Charging Cable,1,11.95,10/18/19 11:58,"859 13th St, Atlanta, GA 30301"
270540,AAA Batteries (4-pack),1,2.99,10/18/19 16:16,"253 Park St, Dallas, TX 75001"
270552,AA Batteries (4-pack),1,3.84,10/18/19 13:12,"257 Madison St, Los Angeles, CA 90001"
270696,AA Batteries (4-pack),2,3.84,10/18/19 23:21,"937 Lincoln St, San Francisco, CA 94016"
270720,AAA Batteries (4-pack),5,2.99,10/18/19 17:58,"550 Center St, New York City, NY 10001"
270721,Bose SoundSport Headphones,1,99.99,10/18/19 15:49,"999 8th St, Los Angeles, CA 90001"
270728,Google Phone,1,600.0,10/18/19 10:09,"337 12th St, San Francisco, CA 94016"
270728,USB-C Charging Cable,1,11.95,10/18/19 10:09,"337 12th St, San Francisco, CA 94016"
270728,Wired Headphones,1,11.99,10/18/19 10:09,"337 12th St, San Francisco, CA 94016"
270731,AAA Batteries (4-pack),1,2.99,10/18/19 07:13,"926 Madison St, New York City, NY 10001"
270792,Wired Headphones,1,11.99,10/18/19 16:35,"858 Madison St, Boston, MA 02215"
270902,USB-C Charging Cable,1,11.95,10/18/19 15:44,"755 South St, Dallas, TX 75001"
270936,USB-C Charging Cable,1,11.95,10/18/19 12:30,"376 Church St, New York City, NY 10001"
270940,AA Batteries (4-pack),1,3.84,10/18/19 18:22,"206 Main St, Atlanta, GA 30301"
270958,27in 4K Gaming Monitor,1,389.99,10/18/19 22:02,"666 13th St, San Francisco, CA 94016"
270971,AA Batteries (4-pack),2,3.84,10/18/19 14:36,"409 Madison St, San Francisco, CA 94016"
271000,AA Batteries (4-pack),1,3.84,10/18/19 00:09,"435 12th St, San Francisco, CA 94016"
271054,Flatscreen TV,1,300.0,10/18/19 11:53,"986 Center St, New York City, NY 10001"
271081,Lightning Charging Cable,1,14.95,10/18/19 22:02,"192 Pine St, San Francisco, CA 94016"
271112,27in 4K Gaming Monitor,1,389.99,10/18/19 16:37,"205 Pine St, Atlanta, GA 30301"
271121,Wired Headphones,1,11.99,10/18/19 18:04,"451 Jackson St, Los Angeles, CA 90001"
271145,27in FHD Monitor,1,149.99,10/18/19 19:28,"869 12th St, Portland, OR 97035"
271147,Lightning Charging Cable,1,14.95,10/18/19 01:09,"589 Hickory St, Austin, TX 73301"
271149,Bose SoundSport Headphones,1,99.99,10/18/19 11:05,"479 Church St, San Francisco, CA 94016"
271219,AAA Batteries (4-pack),2,2.99,10/18/19 16:58,"855 South St, New York City, NY 10001"
271285,Apple Airpods Headphones,1,150.0,10/18/19 18:03,"581 North St, San Francisco, CA 94016"
271290,USB-C Charging Cable,1,11.95,10/18/19 13:16,"473 Willow St, San Francisco, CA 94016"
271303,AA Batteries (4-pack),1,3.84,10/18/19 13:49,"101 Main St, Boston, MA 02215"
271325,Flatscreen TV,1,300.0,10/18/19 15:34,"785 11th St, New York City, NY 10001"
271342,iPhone,1,700.0,10/18/19 22:54,"124 Forest St, Seattle, WA 98101"
271360,Apple Airpods Headphones,1,150.0,10/18/19 21:49,"315 Hill St, Los Angeles, CA 90001"
271441,Wired Headphones,1,11.99,10/18/19 20:38,"109 Main St, Los Angeles, CA 90001"
271465,AA Batteries (4-pack),3,3.84,10/18/19 12:56,"290 Dogwood St, San Francisco, CA 94016"
271508,iPhone,1,700.0,10/18/19 18:41,"609 Dogwood St, Seattle, WA 98101"
271604,USB-C Charging Cable,2,11.95,10/18/19 09:55,"480 Ridge St, San Francisco, CA 94016"
271609,Bose SoundSport Headphones,1,99.99,10/18/19 13:30,"454 Jefferson St, Atlanta, GA 30301"
271635,Apple Airpods Headphones,1,150.0,10/18/19 18:50,"670 Elm St, Austin, TX 73301"
271663,27in FHD Monitor,1,149.99,10/18/19 11:36,"263 Park St, San Francisco, CA 94016"
271709,Lightning Charging Cable,1,14.95,10/18/19 10:36,"620 Wilson St, New York City, NY 10001"
271714,Bose SoundSport Headphones,2,99.99,10/18/19 17:37,"83 Spruce St, Boston, MA 02215"
271721,USB-C Charging Cable,1,11.95,10/18/19 06:58,"217 Park St, San Francisco, CA 94016"
271731,AA Batteries (4-pack),1,3.84,10/18/19 19:19,"697 Forest St, New York City, NY 10001"
271756,iPhone,1,700.0,10/18/19 12:23,"780 Dogwood St, Boston, MA 02215"
271756,Lightning Charging Cable,1,14.95,10/18/19 12:23,"780 Dogwood St, Boston, MA 02215"
271860,Lightning Charging Cable,1,14.95,10/18/19 19:18,"241 Dogwood St, Los Angeles, CA 90001"
271872,27in 4K Gaming Monitor,1,389.99,10/18/19 09:11,"93 River St, Austin, TX 73301"
271924,Wired Headphones,1,11.99,10/18/19 10:41,"592 Meadow St, San Francisco, CA 94016"
272022,USB-C Charging Cable,1,11.95,10/18/19 07:18,"76 South St, San Francisco, CA 94016"
272027,AAA Batteries (4-pack),1,2.99,10/18/19 11:55,"962 Sunset St, Atlanta, GA 30301"
272061,Apple Airpods Headphones,1,150.0,10/18/19 15:53,"212 Main St, Los Angeles, CA 90001"
272117,Apple Airpods Headphones,1,150.0,10/18/19 11:09,"291 2nd St, Portland, OR 97035"
272181,20in Monitor,1,109.99,10/18/19 14:25,"569 6th St, San Francisco, CA 94016"
272188,Wired Headphones,1,11.99,10/18/19 10:05,"134 Elm St, Los Angeles, CA 90001"
272213,Lightning Charging Cable,1,14.95,10/18/19 20:08,"750 Madison St, New York City, NY 10001"
272300,AA Batteries (4-pack),1,3.84,10/18/19 21:36,"694 Highland St, Los Angeles, CA 90001"
272397,27in 4K Gaming Monitor,1,389.99,10/18/19 23:54,"262 8th St, Portland, OR 97035"
272401,AA Batteries (4-pack),1,3.84,10/18/19 10:18,"58 Hickory St, Austin, TX 73301"
272415,AA Batteries (4-pack),1,3.84,10/18/19 15:11,"294 1st St, Boston, MA 02215"
272422,Wired Headphones,1,11.99,10/18/19 14:13,"85 8th St, Boston, MA 02215"
272464,Bose SoundSport Headphones,1,99.99,10/18/19 10:45,"795 1st St, Los Angeles, CA 90001"
272465,AA Batteries (4-pack),1,3.84,10/18/19 14:51,"284 5th St, New York City, NY 10001"
272483,Lightning Charging Cable,1,14.95,10/18/19 14:01,"116 Ridge St, Atlanta, GA 30301"
272529,34in Ultrawide Monitor,1,379.99,10/18/19 15:51,"460 Jefferson St, Dallas, TX 75001"
272645,Macbook Pro Laptop,1,1700.0,10/18/19 16:46,"473 9th St, San Francisco, CA 94016"
272715,AAA Batteries (4-pack),1,2.99,10/18/19 19:32,"79 14th St, New York City, NY 10001"
272715,Lightning Charging Cable,1,14.95,10/18/19 19:32,"79 14th St, New York City, NY 10001"
272741,AA Batteries (4-pack),1,3.84,10/18/19 17:49,"979 11th St, San Francisco, CA 94016"
272747,Wired Headphones,1,11.99,10/18/19 08:38,"929 Cherry St, Los Angeles, CA 90001"
272785,27in 4K Gaming Monitor,1,389.99,10/18/19 22:52,"12 Lakeview St, New York City, NY 10001"
272815,USB-C Charging Cable,1,11.95,10/18/19 17:04,"761 Church St, Seattle, WA 98101"
272837,Bose SoundSport Headphones,1,99.99,10/18/19 09:52,"928 West St, Dallas, TX 75001"
272841,USB-C Charging Cable,1,11.95,10/18/19 17:38,"297 Elm St, Boston, MA 02215"
272904,USB-C Charging Cable,1,11.95,10/18/19 12:24,"676 Lincoln St, Portland, ME 04101"
272908,AAA Batteries (4-pack),1,2.99,10/18/19 13:49,"633 Park St, Seattle, WA 98101"
272917,iPhone,1,700.0,10/18/19 09:12,"623 North St, Austin, TX 73301"
272973,Vareebadd Phone,1,400.0,10/18/19 08:26,"211 4th St, New York City, NY 10001"
273016,USB-C Charging Cable,1,11.95,10/18/19 13:58,"848 Center St, Los Angeles, CA 90001"
273088,34in Ultrawide Monitor,1,379.99,10/18/19 13:59,"840 Lakeview St, Seattle, WA 98101"
273109,Apple Airpods Headphones,1,150.0,10/18/19 20:00,"90 Dogwood St, Dallas, TX 75001"
273142,Apple Airpods Headphones,1,150.0,10/18/19 00:59,"45 5th St, San Francisco, CA 94016"
273159,Bose SoundSport Headphones,1,99.99,10/18/19 11:27,"916 Washington St, Seattle, WA 98101"
273229,Wired Headphones,1,11.99,10/18/19 18:52,"417 Adams St, Austin, TX 73301"
273242,Lightning Charging Cable,1,14.95,10/18/19 16:50,"237 Lake St, San Francisco, CA 94016"
273254,34in Ultrawide Monitor,1,379.99,10/18/19 14:20,"582 Highland St, Austin, TX 73301"
273257,AA Batteries (4-pack),1,3.84,10/18/19 14:40,"952 West St, Seattle, WA 98101"
273292,AA Batteries (4-pack),2,3.84,10/18/19 10:34,"891 Main St, Portland, OR 97035"
273298,ThinkPad Laptop,1,999.99,10/18/19 09:03,"450 Maple St, San Francisco, CA 94016"
273316,iPhone,1,700.0,10/18/19 13:59,"708 Center St, Los Angeles, CA 90001"
273328,Google Phone,1,600.0,10/18/19 12:36,"853 Willow St, New York City, NY 10001"
273328,USB-C Charging Cable,1,11.95,10/18/19 12:36,"853 Willow St, New York City, NY 10001"
273332,Wired Headphones,1,11.99,10/18/19 20:45,"294 Cedar St, San Francisco, CA 94016"
273337,Apple Airpods Headphones,1,150.0,10/18/19 02:55,"775 Dogwood St, San Francisco, CA 94016"
273371,Wired Headphones,1,11.99,10/18/19 22:51,"752 5th St, New York City, NY 10001"
273386,AA Batteries (4-pack),1,3.84,10/18/19 12:28,"510 13th St, San Francisco, CA 94016"
273390,AA Batteries (4-pack),4,3.84,10/18/19 12:21,"760 9th St, San Francisco, CA 94016"
273405,Lightning Charging Cable,1,14.95,10/18/19 14:02,"917 Lincoln St, San Francisco, CA 94016"
273456,iPhone,1,700.0,10/18/19 10:03,"780 7th St, San Francisco, CA 94016"
273456,Wired Headphones,1,11.99,10/18/19 10:03,"780 7th St, San Francisco, CA 94016"
273473,USB-C Charging Cable,1,11.95,10/18/19 18:27,"200 10th St, San Francisco, CA 94016"
273520,Flatscreen TV,1,300.0,10/18/19 16:06,"798 Hill St, New York City, NY 10001"
273531,34in Ultrawide Monitor,1,379.99,10/18/19 23:26,"306 Center St, Dallas, TX 75001"
273541,Lightning Charging Cable,2,14.95,10/18/19 08:26,"970 Center St, San Francisco, CA 94016"
273547,27in 4K Gaming Monitor,1,389.99,10/18/19 22:08,"771 Washington St, Atlanta, GA 30301"
273564,Bose SoundSport Headphones,1,99.99,10/18/19 11:24,"775 8th St, San Francisco, CA 94016"
273595,34in Ultrawide Monitor,1,379.99,10/18/19 20:31,"859 9th St, New York City, NY 10001"
273605,34in Ultrawide Monitor,1,379.99,10/18/19 17:15,"928 Spruce St, San Francisco, CA 94016"
273610,AA Batteries (4-pack),1,3.84,10/18/19 14:16,"474 Cedar St, Los Angeles, CA 90001"
273613,AA Batteries (4-pack),1,3.84,10/18/19 10:36,"454 Pine St, Dallas, TX 75001"
273615,Google Phone,1,600.0,10/18/19 18:38,"143 Lincoln St, Atlanta, GA 30301"
273644,27in 4K Gaming Monitor,1,389.99,10/18/19 09:02,"791 Center St, Seattle, WA 98101"
273647,Wired Headphones,1,11.99,10/18/19 20:23,"516 Highland St, Los Angeles, CA 90001"
273722,AAA Batteries (4-pack),1,2.99,10/18/19 19:49,"967 North St, Atlanta, GA 30301"
273869,AA Batteries (4-pack),1,3.84,10/18/19 10:02,"522 North St, San Francisco, CA 94016"
273869,Wired Headphones,1,11.99,10/18/19 10:02,"522 North St, San Francisco, CA 94016"
273910,Wired Headphones,1,11.99,10/18/19 21:44,"678 West St, Los Angeles, CA 90001"
273940,34in Ultrawide Monitor,1,379.99,10/18/19 16:39,"937 Maple St, Boston, MA 02215"
273961,USB-C Charging Cable,1,11.95,10/18/19 16:07,"821 Elm St, Los Angeles, CA 90001"
273961,Lightning Charging Cable,1,14.95,10/18/19 16:07,"821 Elm St, Los Angeles, CA 90001"
273965,Macbook Pro Laptop,1,1700.0,10/18/19 14:28,"470 Adams St, Austin, TX 73301"
274033,Lightning Charging Cable,1,14.95,10/18/19 13:50,"474 Center St, Atlanta, GA 30301"
274038,Google Phone,1,600.0,10/18/19 12:28,"417 9th St, Los Angeles, CA 90001"
274074,Lightning Charging Cable,1,14.95,10/18/19 16:31,"260 Wilson St, New York City, NY 10001"
274091,Bose SoundSport Headphones,1,99.99,10/18/19 11:21,"294 Chestnut St, San Francisco, CA 94016"
274108,Wired Headphones,1,11.99,10/18/19 16:32,"869 Highland St, San Francisco, CA 94016"
274127,Lightning Charging Cable,1,14.95,10/18/19 20:57,"946 Hickory St, Dallas, TX 75001"
274147,Wired Headphones,1,11.99,10/18/19 15:34,"497 Maple St, Atlanta, GA 30301"
274155,Google Phone,1,600.0,10/18/19 19:33,"12 Madison St, Atlanta, GA 30301"
274168,AAA Batteries (4-pack),2,2.99,10/18/19 05:50,"116 Ridge St, Los Angeles, CA 90001"
274174,AA Batteries (4-pack),1,3.84,10/18/19 10:55,"825 Pine St, Dallas, TX 75001"
274207,Apple Airpods Headphones,1,150.0,10/18/19 14:26,"21 4th St, Los Angeles, CA 90001"
274207,Apple Airpods Headphones,1,150.0,10/18/19 14:26,"21 4th St, Los Angeles, CA 90001"
274234,USB-C Charging Cable,1,11.95,10/18/19 13:40,"311 North St, Los Angeles, CA 90001"
274241,Lightning Charging Cable,1,14.95,10/18/19 10:30,"143 Cherry St, Los Angeles, CA 90001"
274253,AA Batteries (4-pack),1,3.84,10/18/19 16:55,"548 South St, San Francisco, CA 94016"
274271,AA Batteries (4-pack),1,3.84,10/18/19 22:51,"321 Hickory St, Portland, OR 97035"
274322,USB-C Charging Cable,1,11.95,10/18/19 13:44,"696 Willow St, Atlanta, GA 30301"
274351,USB-C Charging Cable,1,11.95,10/18/19 10:51,"367 Center St, San Francisco, CA 94016"
274408,USB-C Charging Cable,1,11.95,10/18/19 15:02,"265 8th St, Los Angeles, CA 90001"
274516,Apple Airpods Headphones,1,150.0,10/18/19 15:38,"838 Cherry St, Boston, MA 02215"
274526,AA Batteries (4-pack),1,3.84,10/18/19 20:32,"202 Cedar St, San Francisco, CA 94016"
274639,ThinkPad Laptop,1,999.99,10/18/19 23:11,"223 5th St, Atlanta, GA 30301"
274699,iPhone,1,700.0,10/18/19 17:26,"741 Cherry St, Seattle, WA 98101"
274705,USB-C Charging Cable,1,11.95,10/18/19 14:24,"188 Washington St, New York City, NY 10001"
274706,Apple Airpods Headphones,1,150.0,10/18/19 12:11,"460 7th St, Austin, TX 73301"
274707,Bose SoundSport Headphones,1,99.99,10/18/19 13:03,"418 Lincoln St, Dallas, TX 75001"
274719,ThinkPad Laptop,1,999.99,10/18/19 21:30,"176 Dogwood St, Portland, OR 97035"
274739,AAA Batteries (4-pack),1,2.99,10/18/19 12:32,"60 Spruce St, Boston, MA 02215"
274746,Lightning Charging Cable,1,14.95,10/18/19 16:19,"881 Dogwood St, Portland, ME 04101"
274755,Bose SoundSport Headphones,1,99.99,10/18/19 17:23,"906 Chestnut St, San Francisco, CA 94016"
274796,Macbook Pro Laptop,1,1700.0,10/18/19 07:50,"429 Elm St, New York City, NY 10001"
274861,iPhone,1,700.0,10/18/19 14:37,"876 North St, Seattle, WA 98101"
274879,USB-C Charging Cable,1,11.95,10/18/19 12:02,"479 River St, Dallas, TX 75001"
274879,AA Batteries (4-pack),1,3.84,10/18/19 12:02,"479 River St, Dallas, TX 75001"
274925,27in 4K Gaming Monitor,1,389.99,10/18/19 10:22,"265 Johnson St, San Francisco, CA 94016"
274925,Apple Airpods Headphones,1,150.0,10/18/19 10:22,"265 Johnson St, San Francisco, CA 94016"
274944,USB-C Charging Cable,1,11.95,10/18/19 19:40,"944 8th St, Austin, TX 73301"
274974,Wired Headphones,1,11.99,10/18/19 00:17,"625 1st St, San Francisco, CA 94016"
274980,Macbook Pro Laptop,1,1700.0,10/18/19 18:51,"436 Lincoln St, Los Angeles, CA 90001"
275000,Bose SoundSport Headphones,1,99.99,10/18/19 19:42,"98 Madison St, Dallas, TX 75001"
275014,AA Batteries (4-pack),1,3.84,10/18/19 20:19,"294 Maple St, Boston, MA 02215"
275039,Apple Airpods Headphones,1,150.0,10/18/19 14:46,"178 7th St, San Francisco, CA 94016"
275085,27in 4K Gaming Monitor,1,389.99,10/18/19 17:38,"11 Highland St, Los Angeles, CA 90001"
275169,AA Batteries (4-pack),1,3.84,10/18/19 20:21,"86 14th St, Los Angeles, CA 90001"
275191,AA Batteries (4-pack),1,3.84,10/18/19 20:01,"869 Highland St, Portland, OR 97035"
275198,Lightning Charging Cable,2,14.95,10/18/19 21:33,"560 Adams St, Atlanta, GA 30301"
275291,Macbook Pro Laptop,1,1700.0,10/18/19 11:14,"39 Hickory St, San Francisco, CA 94016"
275308,AA Batteries (4-pack),2,3.84,10/18/19 19:24,"809 8th St, Los Angeles, CA 90001"
275316,USB-C Charging Cable,1,11.95,10/18/19 12:51,"571 Lakeview St, Dallas, TX 75001"
275361,Lightning Charging Cable,1,14.95,10/18/19 16:37,"258 Dogwood St, Boston, MA 02215"
275463,34in Ultrawide Monitor,1,379.99,10/18/19 11:32,"229 Jackson St, New York City, NY 10001"
275463,USB-C Charging Cable,1,11.95,10/18/19 11:32,"229 Jackson St, New York City, NY 10001"
275475,USB-C Charging Cable,2,11.95,10/18/19 18:56,"505 Ridge St, Los Angeles, CA 90001"
275490,Google Phone,1,600.0,10/18/19 16:29,"546 Highland St, San Francisco, CA 94016"
275490,USB-C Charging Cable,4,11.95,10/18/19 16:29,"546 Highland St, San Francisco, CA 94016"
275526,Lightning Charging Cable,1,14.95,10/18/19 09:59,"258 Madison St, Atlanta, GA 30301"
275550,27in 4K Gaming Monitor,1,389.99,10/18/19 18:16,"901 Jackson St, San Francisco, CA 94016"
275602,27in 4K Gaming Monitor,1,389.99,10/18/19 22:35,"635 Walnut St, Boston, MA 02215"
275625,AAA Batteries (4-pack),1,2.99,10/18/19 12:31,"71 Jefferson St, Portland, ME 04101"
275628,AA Batteries (4-pack),1,3.84,10/18/19 17:55,"426 Jackson St, Dallas, TX 75001"
275702,Wired Headphones,1,11.99,10/18/19 16:54,"17 Elm St, Los Angeles, CA 90001"
275751,AA Batteries (4-pack),1,3.84,10/18/19 19:35,"34 Sunset St, Los Angeles, CA 90001"
275782,Vareebadd Phone,1,400.0,10/18/19 20:23,"927 Adams St, Boston, MA 02215"
275784,Vareebadd Phone,1,400.0,10/18/19 17:44,"2 11th St, San Francisco, CA 94016"
275794,USB-C Charging Cable,2,11.95,10/18/19 00:53,"856 7th St, Boston, MA 02215"
275801,27in FHD Monitor,1,149.99,10/18/19 16:17,"169 5th St, New York City, NY 10001"
275801,Lightning Charging Cable,1,14.95,10/18/19 16:17,"169 5th St, New York City, NY 10001"
275830,USB-C Charging Cable,1,11.95,10/18/19 08:32,"744 11th St, Dallas, TX 75001"
275845,34in Ultrawide Monitor,1,379.99,10/18/19 12:24,"8 1st St, San Francisco, CA 94016"
275900,AAA Batteries (4-pack),2,2.99,10/18/19 21:19,"508 5th St, Austin, TX 73301"
275902,Wired Headphones,1,11.99,10/18/19 18:58,"49 14th St, Dallas, TX 75001"
275950,AAA Batteries (4-pack),1,2.99,10/18/19 16:42,"51 Jackson St, Boston, MA 02215"
275989,AA Batteries (4-pack),4,3.84,10/18/19 06:35,"113 14th St, Boston, MA 02215"
275998,AA Batteries (4-pack),1,3.84,10/18/19 14:35,"41 11th St, San Francisco, CA 94016"
276000,USB-C Charging Cable,1,11.95,10/18/19 11:56,"257 Wilson St, Atlanta, GA 30301"
276003,Bose SoundSport Headphones,1,99.99,10/18/19 17:03,"871 6th St, Seattle, WA 98101"
276021,Apple Airpods Headphones,1,150.0,10/18/19 19:28,"89 Elm St, New York City, NY 10001"
276050,Flatscreen TV,1,300.0,10/18/19 12:21,"744 10th St, Los Angeles, CA 90001"
276075,Apple Airpods Headphones,1,150.0,10/18/19 08:46,"198 West St, Boston, MA 02215"
276126,iPhone,1,700.0,10/18/19 11:42,"20 Lakeview St, Boston, MA 02215"
276152,Apple Airpods Headphones,1,150.0,10/18/19 20:52,"697 North St, Seattle, WA 98101"
276173,Lightning Charging Cable,1,14.95,10/18/19 17:11,"548 Main St, Dallas, TX 75001"
276195,20in Monitor,1,109.99,10/18/19 23:05,"915 Park St, Los Angeles, CA 90001"
276198,USB-C Charging Cable,1,11.95,10/18/19 19:31,"888 North St, Austin, TX 73301"
276219,27in FHD Monitor,1,149.99,10/18/19 15:02,"412 6th St, Atlanta, GA 30301"
276274,20in Monitor,1,109.99,10/18/19 19:10,"527 5th St, San Francisco, CA 94016"
276321,Flatscreen TV,1,300.0,10/18/19 08:26,"209 Forest St, San Francisco, CA 94016"
276325,ThinkPad Laptop,1,999.99,10/18/19 15:28,"56 4th St, San Francisco, CA 94016"
276416,27in FHD Monitor,1,149.99,10/18/19 20:36,"438 Highland St, Seattle, WA 98101"
276424,USB-C Charging Cable,1,11.95,10/18/19 22:36,"871 Adams St, Seattle, WA 98101"
276428,27in FHD Monitor,1,149.99,10/18/19 16:35,"639 Jackson St, New York City, NY 10001"
276501,AAA Batteries (4-pack),2,2.99,10/18/19 16:26,"272 14th St, Portland, OR 97035"
276523,Lightning Charging Cable,1,14.95,10/18/19 10:57,"758 Church St, Austin, TX 73301"
276539,34in Ultrawide Monitor,1,379.99,10/18/19 18:23,"573 Washington St, Los Angeles, CA 90001"
276581,Wired Headphones,1,11.99,10/18/19 11:23,"480 5th St, Los Angeles, CA 90001"
276591,27in FHD Monitor,1,149.99,10/18/19 10:05,"378 Hickory St, Los Angeles, CA 90001"
276630,Lightning Charging Cable,1,14.95,10/18/19 11:45,"9 Pine St, San Francisco, CA 94016"
276644,Apple Airpods Headphones,1,150.0,10/18/19 13:36,"680 Elm St, New York City, NY 10001"
276650,Lightning Charging Cable,1,14.95,10/18/19 04:52,"85 Lake St, San Francisco, CA 94016"
276715,USB-C Charging Cable,2,11.95,10/18/19 19:48,"945 Jackson St, New York City, NY 10001"
276736,Lightning Charging Cable,1,14.95,10/18/19 15:02,"198 Johnson St, Atlanta, GA 30301"
276803,Wired Headphones,1,11.99,10/18/19 13:42,"846 Main St, New York City, NY 10001"
276804,27in 4K Gaming Monitor,1,389.99,10/18/19 10:36,"500 South St, Boston, MA 02215"
276817,USB-C Charging Cable,1,11.95,10/18/19 11:58,"529 Willow St, New York City, NY 10001"
276947,USB-C Charging Cable,1,11.95,10/18/19 21:16,"958 Spruce St, New York City, NY 10001"
277033,20in Monitor,1,109.99,10/18/19 10:29,"164 13th St, San Francisco, CA 94016"
277142,Lightning Charging Cable,1,14.95,10/18/19 20:56,"658 Willow St, Austin, TX 73301"
277218,AA Batteries (4-pack),3,3.84,10/18/19 13:19,"128 Jackson St, San Francisco, CA 94016"
277224,34in Ultrawide Monitor,1,379.99,10/18/19 16:45,"491 Dogwood St, San Francisco, CA 94016"
277271,AAA Batteries (4-pack),2,2.99,10/18/19 07:26,"586 Willow St, Portland, OR 97035"
277278,USB-C Charging Cable,1,11.95,10/18/19 23:38,"627 1st St, Boston, MA 02215"
277301,AAA Batteries (4-pack),2,2.99,10/18/19 11:44,"763 Dogwood St, San Francisco, CA 94016"
277330,AA Batteries (4-pack),1,3.84,10/18/19 13:34,"717 South St, Seattle, WA 98101"
277331,Lightning Charging Cable,1,14.95,10/18/19 13:14,"564 14th St, Seattle, WA 98101"
277374,27in FHD Monitor,1,149.99,10/18/19 19:08,"125 4th St, Atlanta, GA 30301"
277409,AA Batteries (4-pack),1,3.84,10/18/19 15:28,"128 Cedar St, Boston, MA 02215"
277505,USB-C Charging Cable,1,11.95,10/18/19 19:22,"332 Sunset St, San Francisco, CA 94016"
277507,iPhone,1,700.0,10/18/19 13:06,"727 Highland St, Los Angeles, CA 90001"
277507,Wired Headphones,1,11.99,10/18/19 13:06,"727 Highland St, Los Angeles, CA 90001"
277524,Lightning Charging Cable,1,14.95,10/18/19 19:02,"453 Madison St, New York City, NY 10001"
277546,Google Phone,1,600.0,10/18/19 15:55,"808 Maple St, Austin, TX 73301"
277558,AAA Batteries (4-pack),1,2.99,10/18/19 01:57,"235 7th St, Boston, MA 02215"
277799,27in FHD Monitor,1,149.99,10/18/19 10:27,"535 5th St, New York City, NY 10001"
277800,AAA Batteries (4-pack),1,2.99,10/18/19 23:28,"323 13th St, Los Angeles, CA 90001"
277806,Macbook Pro Laptop,1,1700.0,10/18/19 17:49,"424 Sunset St, Austin, TX 73301"
277843,Macbook Pro Laptop,1,1700.0,10/18/19 16:50,"217 Forest St, San Francisco, CA 94016"
277851,27in FHD Monitor,1,149.99,10/18/19 18:29,"325 River St, Dallas, TX 75001"
277868,27in 4K Gaming Monitor,1,389.99,10/18/19 18:20,"494 Cedar St, Boston, MA 02215"
277881,AA Batteries (4-pack),1,3.84,10/18/19 22:05,"229 13th St, San Francisco, CA 94016"
277992,AA Batteries (4-pack),1,3.84,10/18/19 19:10,"603 Elm St, San Francisco, CA 94016"
278007,Lightning Charging Cable,1,14.95,10/18/19 18:10,"114 Wilson St, Los Angeles, CA 90001"
278019,27in 4K Gaming Monitor,1,389.99,10/18/19 17:05,"90 Washington St, Portland, OR 97035"
278031,20in Monitor,1,109.99,10/18/19 19:44,"220 5th St, New York City, NY 10001"
278038,Apple Airpods Headphones,1,150.0,10/18/19 18:51,"897 Cedar St, Atlanta, GA 30301"
278051,AA Batteries (4-pack),1,3.84,10/18/19 16:21,"555 Meadow St, Boston, MA 02215"
278084,Flatscreen TV,1,300.0,10/18/19 09:25,"297 Center St, San Francisco, CA 94016"
278086,Bose SoundSport Headphones,1,99.99,10/18/19 20:11,"234 14th St, San Francisco, CA 94016"
278088,USB-C Charging Cable,1,11.95,10/18/19 19:27,"944 2nd St, Seattle, WA 98101"
278150,Apple Airpods Headphones,1,150.0,10/18/19 17:24,"269 13th St, Seattle, WA 98101"
278177,Wired Headphones,1,11.99,10/18/19 16:54,"518 Washington St, Austin, TX 73301"
278194,AA Batteries (4-pack),1,3.84,10/18/19 14:55,"147 Church St, New York City, NY 10001"
278203,USB-C Charging Cable,1,11.95,10/18/19 09:28,"955 8th St, Los Angeles, CA 90001"
278223,Lightning Charging Cable,1,14.95,10/18/19 18:02,"58 Ridge St, Los Angeles, CA 90001"
278349,Google Phone,1,600.0,10/18/19 15:23,"954 Cherry St, Dallas, TX 75001"
278370,AA Batteries (4-pack),1,3.84,10/18/19 21:37,"286 Adams St, New York City, NY 10001"
278381,Bose SoundSport Headphones,1,99.99,10/18/19 09:10,"972 Park St, San Francisco, CA 94016"
278427,Wired Headphones,1,11.99,10/18/19 22:07,"709 11th St, Los Angeles, CA 90001"
278442,20in Monitor,1,109.99,10/18/19 14:05,"437 Park St, New York City, NY 10001"
278466,AA Batteries (4-pack),3,3.84,10/18/19 18:02,"952 Pine St, San Francisco, CA 94016"
278525,Flatscreen TV,1,300.0,10/18/19 23:18,"64 Adams St, Los Angeles, CA 90001"
278531,AAA Batteries (4-pack),1,2.99,10/18/19 11:36,"983 Main St, Atlanta, GA 30301"
278544,AA Batteries (4-pack),1,3.84,10/18/19 12:00,"499 Spruce St, Seattle, WA 98101"
278546,LG Dryer,1,600.0,10/18/19 14:17,"105 Spruce St, Dallas, TX 75001"
278586,Wired Headphones,1,11.99,10/18/19 18:44,"92 Madison St, New York City, NY 10001"
278735,Macbook Pro Laptop,1,1700.0,10/18/19 13:18,"284 Jackson St, Seattle, WA 98101"
278791,AAA Batteries (4-pack),1,2.99,10/18/19 13:08,"537 Hill St, San Francisco, CA 94016"
